hap_name,sample,hap_tag,is_phased,cen_cluster_rgb,is_recombinant,clusters_found_rgb,"genome_frac_rgb(0,229,192)","genome_frac_rgb(222,162,255)","genome_frac_rgb(255,153,255)","genome_frac_rgb(255,117,60)"
HG00097.1,HG00097,hap1,False,"222,162,255",False,"222,162,255",0.0,0.998386,0.001614,0.0
HG00097.2,HG00097,hap2,False,"222,162,255",False,"222,162,255",5.4e-05,0.997936,0.00201,0.0
HG00099.1,HG00099,hap1,False,"222,162,255",False,"222,162,255",0.000353,0.997527,0.002119,0.0
HG00099.2,HG00099,hap2,False,"222,162,255",False,"222,162,255",0.0,0.994609,0.005166,0.000225
HG00126.1,HG00126,hap1,False,"222,162,255",False,"222,162,255",0.0,0.993852,0.006148,0.0
HG00126.2,HG00126,hap2,False,"222,162,255",False,"222,162,255",0.000295,0.997073,0.002632,0.0
HG00128.1,HG00128,hap1,False,"222,162,255",False,"222,162,255",0.000988,0.996946,0.002066,0.0
HG00128.2,HG00128,hap2,False,"222,162,255",False,"222,162,255",0.0,0.996951,0.002245,0.000804
HG00133.1,HG00133,hap1,False,"222,162,255",False,"222,162,255",0.0,0.999228,0.000772,0.0
HG00133.2,HG00133,hap2,False,"222,162,255",False,"222,162,255",0.000433,0.994228,0.004892,0.000447
HG00140.1,HG00140,hap1,False,"222,162,255",False,"222,162,255",0.0,0.997949,0.002051,0.0
HG00140.2,HG00140,hap2,False,"222,162,255",False,"222,162,255",0.000574,0.996474,0.002952,0.0
HG00146.1,HG00146,hap1,False,"222,162,255",False,"222,162,255",0.0,0.992952,0.007013,3.4e-05
HG00146.2,HG00146,hap2,False,"222,162,255",False,"222,162,255",0.0,0.996052,0.003948,0.0
HG00232.1,HG00232,hap1,False,"222,162,255",False,"222,162,255",0.0,0.996233,0.003767,0.0
HG00232.2,HG00232,hap2,False,"222,162,255",False,"222,162,255",0.0,0.999502,0.000498,0.0
HG00235.1,HG00235,hap1,False,"222,162,255",False,"222,162,255",0.0,0.999661,0.000339,0.0
HG00235.2,HG00235,hap2,False,"222,162,255",False,"222,162,255",0.0,0.998401,0.001599,0.0
HG00253.1,HG00253,hap1,False,"222,162,255",False,"222,162,255",0.0,0.998079,0.001921,0.0
HG00253.2,HG00253,hap2,False,"222,162,255",False,"222,162,255",0.0,0.998108,0.001892,0.0
HG00280.1,HG00280,hap1,False,"222,162,255",False,"222,162,255",0.0,0.990875,0.006742,0.002383
HG00280.2,HG00280,hap2,False,"222,162,255",False,"222,162,255",0.0,0.991664,0.007863,0.000473
HG00290.1,HG00290,hap1,False,"222,162,255",False,"222,162,255",0.0,0.984021,0.014632,0.001347
HG00290.2,HG00290,hap2,False,"222,162,255",False,"222,162,255",0.0,0.987785,0.009163,0.003052
HG00320.1,HG00320,hap1,False,"222,162,255",False,"222,162,255",0.0,0.984617,0.009711,0.005672
HG00320.2,HG00320,hap2,False,"222,162,255",False,"222,162,255",0.0,0.985625,0.012566,0.001808
HG00321.1,HG00321,hap1,False,"222,162,255",False,"222,162,255",0.0,0.980587,0.01747,0.001943
HG00321.2,HG00321,hap2,False,"222,162,255",False,"222,162,255",0.0,0.978706,0.018342,0.002951
HG00323.1,HG00323,hap1,False,"222,162,255",False,"222,162,255",0.0,0.989322,0.010612,6.6e-05
HG00323.2,HG00323,hap2,False,"222,162,255",False,"222,162,255",0.0,0.987035,0.012311,0.000654
HG00329.1,HG00329,hap1,False,"222,162,255",False,"222,162,255",4.6e-05,0.993171,0.006147,0.000636
HG00329.2,HG00329,hap2,False,"222,162,255",False,"222,162,255",0.0,0.995964,0.002323,0.001713
HG00344.1,HG00344,hap1,False,"222,162,255",False,"222,162,255",0.0,0.993712,0.005382,0.000906
HG00344.2,HG00344,hap2,False,"222,162,255",False,"222,162,255",0.000371,0.988896,0.007372,0.003361
HG00350.1,HG00350,hap1,False,"222,162,255",False,"222,162,255",0.0,0.998527,0.001144,0.000329
HG00350.2,HG00350,hap2,False,"222,162,255",False,"222,162,255",0.0,0.997077,0.002923,0.0
HG00408.1,HG00408,pat,True,"255,117,60",False,"255,117,60",0.0,0.000406,0.001185,0.998409
HG00408.2,HG00408,mat,True,"255,117,60",False,"255,117,60",0.0,0.0,0.0,1.0
HG00423.1,HG00423,pat,True,"255,117,60",False,"255,117,60",0.0,0.001392,0.001812,0.996795
HG00423.2,HG00423,mat,True,"255,117,60",False,"255,117,60",0.0,0.0,0.000561,0.999439
HG00438.1,HG00438,pat,True,"255,117,60",False,"255,117,60",7.4e-05,0.001145,0.000106,0.998675
HG00438.2,HG00438,mat,True,"255,117,60",False,"255,117,60",0.0,0.001225,0.002398,0.996377
HG005.1,HG005,pat,True,"255,117,60",False,"255,117,60",0.000256,0.0,6.7e-05,0.999678
HG005.2,HG005,mat,True,"255,117,60",False,"255,117,60",0.0,0.003275,0.003842,0.992883
HG00544.1,HG00544,pat,True,"255,117,60",False,"255,117,60",6.8e-05,0.000139,0.001696,0.998097
HG00544.2,HG00544,mat,True,"255,117,60",False,"255,117,60",0.0,0.00053,0.002528,0.996941
HG00558.1,HG00558,pat,True,"255,117,60",False,"255,117,60",0.000117,0.000692,0.00279,0.9964
HG00558.2,HG00558,mat,True,"255,117,60",False,"255,117,60",6.8e-05,0.0,6.7e-05,0.999865
HG00597.1,HG00597,pat,True,"255,117,60",False,"255,117,60",0.000117,0.0,0.000712,0.999171
HG00597.2,HG00597,mat,True,"255,117,60",False,"255,117,60",0.0,0.0,0.0,1.0
HG00609.1,HG00609,pat,True,"255,117,60",False,"255,117,60",0.0,0.00089,0.001007,0.998103
HG00609.2,HG00609,mat,True,"255,117,60",False,"255,117,60",0.0,3.6e-05,0.001081,0.998883
HG00621.1,HG00621,pat,True,"255,117,60",False,"255,117,60",0.0,0.0,0.000391,0.999609
HG00621.2,HG00621,mat,True,"255,117,60",False,"255,117,60",0.0,0.000618,0.001887,0.997496
HG00639.1,HG00639,pat,True,"222,162,255",False,"222,162,255",0.121706,0.736739,0.039602,0.101953
HG00639.2,HG00639,mat,True,"255,117,60",False,"255,117,60",0.146311,0.709199,0.048284,0.096206
HG00642.1,HG00642,pat,True,"222,162,255",False,"222,162,255",0.039488,0.84827,0.037697,0.074545
HG00642.2,HG00642,mat,True,"222,162,255",False,"222,162,255",0.075155,0.749059,0.069109,0.106677
HG00658.1,HG00658,pat,True,"255,117,60",False,"255,117,60",0.000118,0.0,0.002554,0.997328
HG00658.2,HG00658,mat,True,"255,117,60",False,"255,117,60",2.2e-05,0.0,0.000955,0.999023
HG00673.1,HG00673,pat,True,"255,117,60",False,"255,117,60",0.0,0.0,0.000124,0.999876
HG00673.2,HG00673,mat,True,"255,117,60",False,"255,117,60",0.0,0.0,0.0,1.0
HG00706.1,HG00706,pat,True,"255,117,60",False,"255,117,60",0.000745,0.000159,0.0,0.999096
HG00706.2,HG00706,mat,True,"255,117,60",False,"255,117,60",0.0,0.0,0.0001,0.9999
HG00733.1,HG00733,pat,True,"222,162,255",False,"222,162,255",0.009854,0.907257,0.021255,0.061634
HG00733.2,HG00733,mat,True,"255,117,60",False,"255,117,60",0.038672,0.796085,0.050736,0.114507
HG00735.1,HG00735,pat,True,"222,162,255",False,"222,162,255",0.07718,0.800689,0.032577,0.089554
HG00735.2,HG00735,mat,True,"255,117,60",False,"255,117,60",0.090322,0.705107,0.049918,0.154652
HG00738.1,HG00738,pat,True,"222,162,255",False,"222,162,255",0.044828,0.81247,0.040764,0.101938
HG00738.2,HG00738,mat,True,"255,117,60",False,"255,117,60",0.071838,0.805158,0.037191,0.085813
HG00741.1,HG00741,pat,True,"255,117,60",False,"255,117,60",0.026275,0.905747,0.019497,0.04848
HG00741.2,HG00741,mat,True,"0,229,192",False,"0,229,192",0.145451,0.670231,0.047187,0.137131
HG01071.1,HG01071,pat,True,"255,153,255",True,"222,162,255;255,153,255;255,117,60",0.066376,0.754734,0.063011,0.115879
HG01071.2,HG01071,mat,True,"222,162,255",False,"222,162,255",0.039117,0.787394,0.067439,0.10605
HG01074.1,HG01074,pat,True,"222,162,255",False,"222,162,255",0.048375,0.801219,0.051373,0.099034
HG01074.2,HG01074,mat,True,"222,162,255",False,"222,162,255",0.077864,0.759215,0.045645,0.117275
HG01081.1,HG01081,pat,True,"222,162,255",False,"222,162,255",0.162065,0.69914,0.050898,0.087897
HG01081.2,HG01081,mat,True,"255,117,60",False,"255,117,60",0.064963,0.704825,0.055769,0.174442
HG01099.1,HG01099,pat,True,"255,117,60",False,"255,117,60",0.065077,0.770961,0.048732,0.11523
HG01099.2,HG01099,mat,True,unknown,False,,0.089227,0.733383,0.052349,0.125041
HG01106.1,HG01106,pat,True,"255,153,255",True,"255,153,255;255,117,60",0.070428,0.776577,0.056964,0.096031
HG01106.2,HG01106,mat,True,"222,162,255",False,"222,162,255",0.067882,0.843885,0.031855,0.056378
HG01109.1,HG01109,pat,True,"222,162,255",False,"222,162,255",0.21446,0.647159,0.03043,0.107952
HG01109.2,HG01109,mat,True,"255,117,60",True,"255,117,60;0,229,192",0.636578,0.298702,0.016876,0.047844
HG01123.1,HG01123,pat,True,"222,162,255",True,"222,162,255;255,153,255;255,117,60",0.018153,0.632786,0.06954,0.279521
HG01123.2,HG01123,mat,True,"222,162,255",False,"222,162,255",0.0544,0.713175,0.054754,0.177671
HG01150.1,HG01150,pat,True,"222,162,255",False,"222,162,255",0.058306,0.695393,0.076689,0.169612
HG01150.2,HG01150,mat,True,"222,162,255",False,"222,162,255",0.089005,0.452249,0.064218,0.394529
HG01167.1,HG01167,hap1,False,"222,162,255",False,"222,162,255",0.275194,0.587139,0.045556,0.092112
HG01167.2,HG01167,hap2,False,"0,229,192",False,"0,229,192",0.178706,0.6555,0.055689,0.110105
HG01175.1,HG01175,pat,True,"222,162,255",False,"222,162,255",0.033147,0.914356,0.021749,0.030748
HG01175.2,HG01175,mat,True,"255,117,60",False,"255,117,60",0.066684,0.779569,0.033961,0.119787
HG01192.1,HG01192,pat,True,"255,117,60",False,"255,117,60",0.150364,0.564634,0.082714,0.202288
HG01192.2,HG01192,mat,True,"222,162,255",False,"222,162,255",0.076431,0.714796,0.063597,0.145175
HG01243.1,HG01243,pat,True,"222,162,255",True,"0,229,192;222,162,255",0.625786,0.285384,0.036045,0.052785
HG01243.2,HG01243,mat,True,"222,162,255",False,"222,162,255",0.59888,0.35167,0.023883,0.025567
HG01252.1,HG01252,pat,True,"222,162,255",False,"222,162,255",0.09983,0.611561,0.057158,0.231451
HG01252.2,HG01252,mat,True,"222,162,255",False,"222,162,255",0.030968,0.680008,0.062726,0.226299
HG01255.1,HG01255,pat,True,"222,162,255",False,"222,162,255",0.048924,0.697244,0.06252,0.191312
HG01255.2,HG01255,mat,True,"255,117,60",False,"255,117,60",0.14451,0.510178,0.058469,0.286843
HG01258.1,HG01258,pat,True,"222,162,255",False,"222,162,255",0.003354,0.834013,0.056299,0.106335
HG01258.2,HG01258,mat,True,"222,162,255",False,"222,162,255",0.010494,0.686993,0.079838,0.222675
HG01261.1,HG01261,pat,True,"255,153,255",True,"222,162,255;255,153,255",0.028127,0.823372,0.045419,0.103082
HG01261.2,HG01261,mat,True,"222,162,255",False,"222,162,255",0.122922,0.533541,0.06401,0.279527
HG01346.1,HG01346,pat,True,"222,162,255",False,"222,162,255",0.033471,0.508636,0.102176,0.355717
HG01346.2,HG01346,mat,True,"222,162,255",False,"222,162,255",0.029382,0.749461,0.062335,0.158821
HG01358.1,HG01358,pat,True,"255,153,255",True,"222,162,255;255,153,255",0.037727,0.606869,0.068162,0.287243
HG01358.2,HG01358,mat,True,"0,229,192",False,"0,229,192",0.006857,0.628475,0.072853,0.291815
HG01361.1,HG01361,pat,True,"222,162,255",False,"222,162,255",0.031413,0.652358,0.097487,0.218742
HG01361.2,HG01361,mat,True,"255,153,255",False,"255,153,255",0.054093,0.684426,0.076258,0.185222
HG01433.1,HG01433,pat,True,"222,162,255",False,"222,162,255",0.135293,0.592829,0.065596,0.206282
HG01433.2,HG01433,mat,True,"222,162,255",False,"222,162,255",0.016214,0.705025,0.050091,0.22867
HG01496.1,HG01496,pat,True,"255,117,60",True,"255,117,60;255,153,255",0.101675,0.420716,0.097859,0.37975
HG01496.2,HG01496,mat,True,"255,117,60",True,"255,153,255;255,117,60",0.144543,0.437234,0.058577,0.359646
HG01530.1,HG01530,hap1,False,"222,162,255",False,"222,162,255",0.007605,0.98533,0.007065,0.0
HG01530.2,HG01530,hap2,False,"222,162,255",False,"222,162,255",0.010754,0.979961,0.009285,0.0
HG01784.1,HG01784,hap1,False,"222,162,255",False,"222,162,255",0.004034,0.989635,0.004293,0.002038
HG01784.2,HG01784,hap2,False,"222,162,255",False,"222,162,255",0.00301,0.992795,0.004138,5.7e-05
HG01786.1,HG01786,hap1,False,"222,162,255",False,"222,162,255",0.001912,0.993925,0.003507,0.000656
HG01786.2,HG01786,hap2,False,"222,162,255",False,"222,162,255",0.000202,0.995471,0.004327,0.0
HG01884.1,HG01884,pat,True,"0,229,192",False,"0,229,192",0.930566,0.068896,0.000537,0.0
HG01884.2,HG01884,mat,True,"0,229,192",False,"0,229,192",0.908259,0.080248,0.008334,0.00316
HG01891.1,HG01891,pat,True,"255,117,60",True,"0,229,192;255,117,60",0.869975,0.118754,0.004681,0.00659
HG01891.2,HG01891,mat,True,"0,229,192",False,"0,229,192",0.967379,0.032347,0.000273,0.0
HG01928.1,HG01928,pat,True,"255,117,60",False,"255,117,60",0.003269,0.025077,0.00806,0.963594
HG01928.2,HG01928,mat,True,"222,162,255",False,"222,162,255",0.000734,0.036417,0.024064,0.938785
HG01934.1,HG01934,pat,True,"255,117,60",False,"255,117,60",0.003037,0.168539,0.055407,0.773017
HG01934.2,HG01934,mat,True,"222,162,255",False,"222,162,255",0.072859,0.16881,0.088826,0.669505
HG01940.1,HG01940,pat,True,"255,117,60",False,"255,117,60",0.002187,0.017194,0.00943,0.971189
HG01940.2,HG01940,mat,True,"255,117,60",False,"255,117,60",0.026585,0.170393,0.079266,0.723757
HG01943.1,HG01943,pat,True,"255,117,60",False,"255,117,60",0.029368,0.097463,0.055412,0.817758
HG01943.2,HG01943,mat,True,"255,117,60",False,"255,117,60",0.004243,0.085304,0.053872,0.856581
HG01952.1,HG01952,pat,True,"255,117,60",False,"255,117,60",0.043458,0.094641,0.022054,0.839848
HG01952.2,HG01952,mat,True,"255,117,60",False,"255,117,60",0.02032,0.018006,0.024404,0.937271
HG01960.1,HG01960,pat,True,"0,229,192",False,"0,229,192",0.583809,0.413559,0.002632,0.0
HG01960.2,HG01960,mat,True,"0,229,192",False,"0,229,192",0.824031,0.171466,0.003769,0.000734
HG01969.1,HG01969,pat,True,"222,162,255",False,"222,162,255",0.010227,0.343529,0.073308,0.572936
HG01969.2,HG01969,mat,True,"255,117,60",False,"255,117,60",0.00134,0.037259,0.025613,0.935789
HG01975.1,HG01975,pat,True,"255,117,60",False,"255,117,60",0.014299,0.032,0.022742,0.930958
HG01975.2,HG01975,mat,True,"255,117,60",False,"255,117,60",0.049869,0.086567,0.051328,0.812236
HG01978.1,HG01978,pat,True,"255,117,60",False,"255,117,60",0.001821,0.146016,0.05671,0.795453
HG01978.2,HG01978,mat,True,"255,153,255",True,"255,153,255;222,162,255",0.003119,0.224102,0.092684,0.680096
HG01981.1,HG01981,pat,True,"255,117,60",False,"255,117,60",0.002972,0.213015,0.081949,0.702063
HG01981.2,HG01981,mat,True,"255,117,60",False,"255,117,60",0.038301,0.256666,0.055667,0.649365
HG01993.1,HG01993,pat,True,"255,117,60",False,"255,117,60",0.008332,0.210559,0.071674,0.709435
HG01993.2,HG01993,mat,True,"222,162,255",False,"222,162,255",0.004107,0.050699,0.037864,0.907331
HG02004.1,HG02004,pat,True,"255,117,60",False,"255,117,60",0.007398,0.162358,0.078195,0.752048
HG02004.2,HG02004,mat,True,"255,117,60",False,"255,117,60",0.001044,0.133306,0.044273,0.821377
HG02015.1,HG02015,pat,True,"255,117,60",False,"255,117,60",0.000152,0.000997,0.025212,0.973639
HG02015.2,HG02015,mat,True,"255,117,60",False,"255,117,60",7.9e-05,0.0,0.044162,0.955759
HG02027.1,HG02027,pat,True,"255,117,60",False,"255,117,60",0.0,0.000544,0.000336,0.99912
HG02027.2,HG02027,mat,True,"255,117,60",False,"255,117,60",0.0,0.000715,0.007204,0.992081
HG02040.1,HG02040,hap1,False,"255,117,60",False,"255,117,60",0.0,0.0,0.002026,0.997974
HG02040.2,HG02040,hap2,False,"255,117,60",False,"255,117,60",0.0,0.0,0.021501,0.978499
HG02055.1,HG02055,pat,True,"222,162,255",False,"222,162,255",0.938136,0.059649,0.00078,0.001435
HG02055.2,HG02055,mat,True,"0,229,192",False,"0,229,192",0.835877,0.158771,0.002628,0.002723
HG02056.1,HG02056,pat,True,"255,117,60",False,"255,117,60",0.0,0.000929,0.021143,0.977928
HG02056.2,HG02056,mat,True,"255,117,60",False,"255,117,60",0.0,0.000686,0.007763,0.991551
HG02071.1,HG02071,pat,True,"255,117,60",False,"255,117,60",6.5e-05,0.000668,0.006569,0.992698
HG02071.2,HG02071,mat,True,"255,117,60",False,"255,117,60",0.000198,0.002194,0.010715,0.986893
HG02074.1,HG02074,pat,True,"255,117,60",False,"255,117,60",5.1e-05,0.0,0.012042,0.987907
HG02074.2,HG02074,mat,True,"255,117,60",False,"255,117,60",0.000246,0.0,0.016281,0.983473
HG02080.1,HG02080,pat,True,"255,117,60",False,"255,117,60",0.0,0.002857,0.008002,0.989141
HG02080.2,HG02080,mat,True,"255,117,60",False,"255,117,60",0.0,0.0,0.006715,0.993285
HG02083.1,HG02083,pat,True,"255,117,60",False,"255,117,60",0.0,0.000846,0.013763,0.985391
HG02083.2,HG02083,mat,True,"255,117,60",False,"255,117,60",0.0,0.000909,0.019367,0.979724
HG02109.1,HG02109,pat,True,"0,229,192",False,"0,229,192",0.970125,0.027867,0.002008,0.0
HG02109.2,HG02109,mat,True,"0,229,192",False,"0,229,192",0.810032,0.184712,0.002939,0.002316
HG02129.1,HG02129,pat,True,"255,117,60",False,"255,117,60",0.0,0.003124,0.034659,0.962217
HG02129.2,HG02129,mat,True,"255,117,60",False,"255,117,60",0.0,0.003042,0.007884,0.989074
HG02132.1,HG02132,pat,True,"255,117,60",False,"255,117,60",0.0,0.000574,0.024193,0.975233
HG02132.2,HG02132,mat,True,"255,117,60",False,"255,117,60",0.0,0.0,0.013364,0.986636
HG02135.1,HG02135,pat,True,"255,117,60",False,"255,117,60",0.0,0.001074,0.01196,0.986966
HG02135.2,HG02135,mat,True,"255,117,60",False,"255,117,60",0.0,0.0,0.024593,0.975407
HG02145.1,HG02145,pat,True,"0,229,192",False,"0,229,192",0.77435,0.212682,0.001335,0.011634
HG02145.2,HG02145,mat,True,"222,162,255",False,"222,162,255",0.947268,0.052491,0.00024,0.0
HG02148.1,HG02148,pat,True,"255,117,60",False,"255,117,60",0.002443,0.11567,0.036765,0.845121
HG02148.2,HG02148,mat,True,"255,117,60",False,"255,117,60",0.000641,0.089853,0.036504,0.873001
HG02155.1,HG02155,hap1,False,"255,117,60",False,"255,117,60",6.9e-05,0.001622,0.004323,0.993986
HG02155.2,HG02155,hap2,False,"255,117,60",False,"255,117,60",0.000286,0.001806,3.3e-05,0.997874
HG02165.1,HG02165,hap1,False,"255,117,60",False,"255,117,60",0.0,0.0,0.004339,0.995661
HG02165.2,HG02165,hap2,False,"255,117,60",False,"255,117,60",0.0,0.0,0.003583,0.996417
HG02178.1,HG02178,hap1,False,"255,117,60",False,"255,117,60",8.8e-05,0.0,0.000591,0.999321
HG02178.2,HG02178,hap2,False,"255,117,60",True,"255,117,60;255,153,255",4.8e-05,0.0,8.8e-05,0.999865
HG02257.1,HG02257,pat,True,"0,229,192",False,"0,229,192",0.927057,0.066083,0.001034,0.005826
HG02257.2,HG02257,mat,True,"0,229,192",False,"0,229,192",0.752049,0.225414,0.00214,0.020397
HG02258.1,HG02258,pat,True,"0,229,192",False,"0,229,192",0.91335,0.081994,0.001415,0.003242
HG02258.2,HG02258,mat,True,"0,229,192",False,"0,229,192",0.875589,0.121079,0.003332,0.0
HG02273.1,HG02273,hap1,False,"255,117,60",False,"255,117,60",0.001042,0.004576,0.018294,0.976087
HG02273.2,HG02273,hap2,False,"255,117,60",False,"255,117,60",0.0,0.017072,0.011401,0.971527
HG02280.1,HG02280,pat,True,"0,229,192",False,"0,229,192",0.94182,0.046614,0.000927,0.01064
HG02280.2,HG02280,mat,True,"0,229,192",False,"0,229,192",0.897991,0.101358,0.000651,0.0
HG02293.1,HG02293,pat,True,"255,117,60",False,"255,117,60",0.003012,0.028475,0.02469,0.943824
HG02293.2,HG02293,mat,True,"222,162,255",True,"222,162,255;255,153,255",0.002965,0.125636,0.059375,0.812024
HG02300.1,HG02300,pat,True,"222,162,255",True,"255,153,255;222,162,255",0.000909,0.098273,0.061123,0.839696
HG02300.2,HG02300,mat,True,"222,162,255",False,"222,162,255",0.004118,0.380987,0.067423,0.547471
HG02391.1,HG02391,hap1,False,"255,117,60",False,"255,117,60",0.0,0.0,0.005756,0.994244
HG02391.2,HG02391,hap2,False,"255,117,60",False,"255,117,60",0.000127,0.0,0.00027,0.999604
HG02392.1,HG02392,hap1,False,"255,117,60",False,"255,117,60",6.9e-05,0.0,0.002491,0.99744
HG02392.2,HG02392,hap2,False,"255,117,60",False,"255,117,60",0.000175,0.0,0.002605,0.99722
HG02451.1,HG02451,pat,True,"0,229,192",False,"0,229,192",0.94039,0.059075,8.3e-05,0.000453
HG02451.2,HG02451,mat,True,"0,229,192",False,"0,229,192",0.947087,0.048203,0.003654,0.001056
HG02486.1,HG02486,pat,True,"0,229,192",False,"0,229,192",0.948668,0.050355,0.000369,0.000607
HG02486.2,HG02486,mat,True,"222,162,255",False,"222,162,255",0.747993,0.24848,0.003527,0.0
HG02514.1,HG02514,pat,True,"255,117,60",False,"255,117,60",0.0,0.000748,0.017184,0.982068
HG02514.2,HG02514,mat,True,"255,117,60",False,"255,117,60",0.0,0.000128,0.009251,0.990621
HG02523.1,HG02523,pat,True,"255,117,60",False,"255,117,60",6.9e-05,0.002614,0.008913,0.988404
HG02523.2,HG02523,mat,True,"255,117,60",False,"255,117,60",0.000288,0.001359,0.019371,0.978982
HG02559.1,HG02559,pat,True,"0,229,192",False,"0,229,192",0.925089,0.062082,0.004425,0.008404
HG02559.2,HG02559,mat,True,"0,229,192",False,"0,229,192",0.893918,0.09331,0.003063,0.009708
HG02572.1,HG02572,pat,True,"0,229,192",False,"0,229,192",0.998296,0.001668,3.6e-05,0.0
HG02572.2,HG02572,mat,True,"0,229,192",False,"0,229,192",0.998428,0.001257,0.000315,0.0
HG02583.1,HG02583,hap1,False,"0,229,192",False,"0,229,192",0.99878,0.000639,0.00058,0.0
HG02583.2,HG02583,hap2,False,"0,229,192",False,"0,229,192",0.998285,0.001669,4.5e-05,0.0
HG02602.1,HG02602,pat,True,"255,153,255",False,"255,153,255",0.000134,0.027963,0.956439,0.015464
HG02602.2,HG02602,mat,True,"255,153,255",False,"255,153,255",6.7e-05,0.022496,0.97516,0.002277
HG02615.1,HG02615,pat,True,"0,229,192",False,"0,229,192",0.99124,0.006775,0.001985,0.0
HG02615.2,HG02615,mat,True,"0,229,192",False,"0,229,192",0.990366,0.006798,0.002836,0.0
HG02622.1,HG02622,pat,True,"0,229,192",False,"0,229,192",0.999561,0.000439,0.0,0.0
HG02622.2,HG02622,mat,True,"0,229,192",False,"0,229,192",0.999046,0.000823,0.000131,0.0
HG02630.1,HG02630,pat,True,"0,229,192",False,"0,229,192",0.999741,0.0,9.1e-05,0.000168
HG02630.2,HG02630,mat,True,"0,229,192",False,"0,229,192",0.994796,0.004385,0.000818,0.0
HG02647.1,HG02647,pat,True,"0,229,192",False,"0,229,192",0.996611,0.003389,0.0,0.0
HG02647.2,HG02647,mat,True,"0,229,192",False,"0,229,192",0.998413,0.000467,0.001119,0.0
HG02668.1,HG02668,pat,True,"0,229,192",False,"0,229,192",0.999773,3.9e-05,0.000188,0.0
HG02668.2,HG02668,mat,True,"0,229,192",False,"0,229,192",0.9994,0.0006,0.0,0.0
HG02698.1,HG02698,pat,True,"255,153,255",False,"255,153,255",7.4e-05,0.029944,0.964391,0.005591
HG02698.2,HG02698,mat,True,"255,153,255",False,"255,153,255",0.000134,0.058845,0.940224,0.000798
HG02717.1,HG02717,pat,True,"0,229,192",False,"0,229,192",1.0,0.0,0.0,0.0
HG02717.2,HG02717,mat,True,"0,229,192",False,"0,229,192",0.999748,0.0,0.000252,0.0
HG02723.1,HG02723,pat,True,"0,229,192",False,"0,229,192",0.998503,0.000951,0.000545,0.0
HG02723.2,HG02723,mat,True,"222,162,255",False,"222,162,255",0.996147,0.003549,0.000169,0.000134
HG02735.1,HG02735,pat,True,"255,153,255",False,"255,153,255",0.000111,0.055773,0.944116,0.0
HG02735.2,HG02735,mat,True,"255,153,255",False,"255,153,255",0.000108,0.076863,0.901441,0.021587
HG02738.1,HG02738,pat,True,"255,153,255",False,"255,153,255",0.0,0.083374,0.911185,0.005442
HG02738.2,HG02738,mat,True,"255,153,255",False,"255,153,255",0.000149,0.069017,0.927668,0.003166
HG02809.1,HG02809,pat,True,"0,229,192",False,"0,229,192",0.992148,0.00754,0.000311,0.0
HG02809.2,HG02809,mat,True,"0,229,192",False,"0,229,192",0.997154,0.002456,0.000389,0.0
HG02818.1,HG02818,pat,True,"0,229,192",False,"0,229,192",0.996569,0.00306,0.000372,0.0
HG02818.2,HG02818,mat,True,"0,229,192",False,"0,229,192",0.993939,0.005807,0.000254,0.0
HG02841.1,HG02841,pat,True,"0,229,192",False,"0,229,192",0.996516,0.002644,0.00084,0.0
HG02841.2,HG02841,mat,True,"0,229,192",False,"0,229,192",0.99918,0.000537,0.000283,0.0
HG02886.1,HG02886,pat,True,"0,229,192",False,"0,229,192",0.997366,0.002465,0.000169,0.0
HG02886.2,HG02886,mat,True,"0,229,192",False,"0,229,192",0.995213,0.002753,0.002034,0.0
HG02922.1,HG02922,hap1,False,"0,229,192",False,"0,229,192",1.0,0.0,0.0,0.0
HG02922.2,HG02922,hap2,False,"0,229,192",False,"0,229,192",1.0,0.0,0.0,0.0
HG02965.1,HG02965,hap1,False,"0,229,192",False,"0,229,192",0.999523,4e-05,0.000437,0.0
HG02965.2,HG02965,hap2,False,"0,229,192",False,"0,229,192",1.0,0.0,0.0,0.0
HG02976.1,HG02976,hap1,False,"0,229,192",False,"0,229,192",1.0,0.0,0.0,0.0
HG02976.2,HG02976,hap2,False,"0,229,192",False,"0,229,192",1.0,0.0,0.0,0.0
HG02984.1,HG02984,pat,True,"0,229,192",False,"0,229,192",0.997574,0.001465,0.000961,0.0
HG02984.2,HG02984,mat,True,"0,229,192",False,"0,229,192",0.998159,0.001841,0.0,0.0
HG03017.1,HG03017,pat,True,"255,153,255",False,"255,153,255",0.0,0.01776,0.980686,0.001553
HG03017.2,HG03017,mat,True,"255,153,255",False,"255,153,255",0.0,0.011506,0.986587,0.001907
HG03041.1,HG03041,pat,True,"0,229,192",False,"0,229,192",0.99841,0.001546,4.5e-05,0.0
HG03041.2,HG03041,mat,True,"0,229,192",False,"0,229,192",0.993671,0.005208,0.00112,0.0
HG03050.1,HG03050,pat,True,"0,229,192",False,"0,229,192",0.997997,0.0003,0.001703,0.0
HG03050.2,HG03050,mat,True,"0,229,192",False,"0,229,192",0.99942,9.4e-05,0.000486,0.0
HG03098.1,HG03098,pat,True,"0,229,192",False,"0,229,192",0.999974,0.0,2.6e-05,0.0
HG03098.2,HG03098,mat,True,"0,229,192",False,"0,229,192",1.0,0.0,0.0,0.0
HG03130.1,HG03130,hap1,False,"0,229,192",False,"0,229,192",1.0,0.0,0.0,0.0
HG03130.2,HG03130,hap2,False,"0,229,192",False,"0,229,192",1.0,0.0,0.0,0.0
HG03139.1,HG03139,hap1,False,"0,229,192",False,"0,229,192",1.0,0.0,0.0,0.0
HG03139.2,HG03139,hap2,False,"0,229,192",False,"0,229,192",1.0,0.0,0.0,0.0
HG03195.1,HG03195,hap1,False,"0,229,192",False,"0,229,192",1.0,0.0,0.0,0.0
HG03195.2,HG03195,hap2,False,"0,229,192",False,"0,229,192",0.999852,0.0,0.000148,0.0
HG03209.1,HG03209,hap1,False,"0,229,192",False,"0,229,192",1.0,0.0,0.0,0.0
HG03209.2,HG03209,hap2,False,"0,229,192",False,"0,229,192",0.998644,0.000864,0.000492,0.0
HG03225.1,HG03225,hap1,False,"0,229,192",False,"0,229,192",1.0,0.0,0.0,0.0
HG03225.2,HG03225,hap2,False,"0,229,192",False,"0,229,192",0.999948,0.0,5.2e-05,0.0
HG03239.1,HG03239,pat,True,"255,153,255",False,"255,153,255",0.000216,0.098088,0.89848,0.003216
HG03239.2,HG03239,mat,True,"255,153,255",False,"255,153,255",3.3e-05,0.099141,0.899883,0.000943
HG03270.1,HG03270,hap1,False,"0,229,192",False,"0,229,192",1.0,0.0,0.0,0.0
HG03270.2,HG03270,hap2,False,"0,229,192",False,"0,229,192",1.0,0.0,0.0,0.0
HG03369.1,HG03369,hap1,False,"0,229,192",False,"0,229,192",1.0,0.0,0.0,0.0
HG03369.2,HG03369,hap2,False,"0,229,192",False,"0,229,192",1.0,0.0,0.0,0.0
HG03453.1,HG03453,pat,True,"0,229,192",False,"0,229,192",0.998712,0.001288,0.0,0.0
HG03453.2,HG03453,mat,True,"0,229,192",False,"0,229,192",1.0,0.0,0.0,0.0
HG03470.1,HG03470,hap1,False,"0,229,192",False,"0,229,192",1.0,0.0,0.0,0.0
HG03470.2,HG03470,hap2,False,"0,229,192",False,"0,229,192",1.0,0.0,0.0,0.0
HG03471.1,HG03471,hap1,False,"0,229,192",False,"0,229,192",1.0,0.0,0.0,0.0
HG03471.2,HG03471,hap2,False,"0,229,192",False,"0,229,192",0.998975,0.000754,0.00027,0.0
HG03486.1,HG03486,pat,True,"0,229,192",False,"0,229,192",1.0,0.0,0.0,0.0
HG03486.2,HG03486,mat,True,"0,229,192",False,"0,229,192",0.998948,0.000915,0.000136,0.0
HG03516.1,HG03516,pat,True,"0,229,192",False,"0,229,192",1.0,0.0,0.0,0.0
HG03516.2,HG03516,mat,True,"0,229,192",False,"0,229,192",0.999765,0.0,0.000235,0.0
HG03521.1,HG03521,hap1,False,"0,229,192",False,"0,229,192",0.99908,0.0,0.00092,0.0
HG03521.2,HG03521,hap2,False,"0,229,192",False,"0,229,192",1.0,0.0,0.0,0.0
HG03540.1,HG03540,pat,True,"0,229,192",False,"0,229,192",0.99992,0.0,8e-05,0.0
HG03540.2,HG03540,mat,True,"0,229,192",False,"0,229,192",0.989487,0.009681,0.000832,0.0
HG03579.1,HG03579,pat,True,"0,229,192",False,"0,229,192",1.0,0.0,0.0,0.0
HG03579.2,HG03579,mat,True,"0,229,192",False,"0,229,192",1.0,0.0,0.0,0.0
HG03583.1,HG03583,hap1,False,"0,229,192",False,"0,229,192",1.0,0.0,0.0,0.0
HG03583.2,HG03583,hap2,False,"0,229,192",False,"0,229,192",0.99982,0.00018,0.0,0.0
HG03654.1,HG03654,pat,True,"255,153,255",False,"255,153,255",0.0,0.037381,0.95847,0.004148
HG03654.2,HG03654,mat,True,"255,153,255",False,"255,153,255",0.0,0.033194,0.966097,0.000709
HG03669.1,HG03669,pat,True,"255,153,255",False,"255,153,255",0.0,0.007612,0.97664,0.015749
HG03669.2,HG03669,mat,True,"255,153,255",False,"255,153,255",6.9e-05,0.043226,0.942366,0.014339
HG03688.1,HG03688,pat,True,"255,153,255",False,"255,153,255",0.0,0.006465,0.992176,0.001359
HG03688.2,HG03688,mat,True,"255,153,255",False,"255,153,255",0.0,0.001324,0.998635,4.1e-05
HG03704.1,HG03704,pat,True,"255,153,255",False,"255,153,255",0.0,0.024657,0.974135,0.001208
HG03704.2,HG03704,mat,True,"255,153,255",False,"255,153,255",0.000151,0.014741,0.977647,0.007462
HG03710.1,HG03710,pat,True,"255,153,255",False,"255,153,255",0.00035,0.028785,0.965298,0.005567
HG03710.2,HG03710,mat,True,"255,153,255",False,"255,153,255",0.0,0.030718,0.964715,0.004567
HG03742.1,HG03742,hap1,False,"255,153,255",False,"255,153,255",0.000196,0.008382,0.989621,0.001802
HG03742.2,HG03742,hap2,False,"255,153,255",True,"255,153,255;255,117,60",0.0,0.006835,0.987879,0.005286
HG03784.1,HG03784,hap1,False,"255,153,255",False,"255,153,255",0.000118,0.0,0.999844,3.9e-05
HG03784.2,HG03784,hap2,False,"255,153,255",False,"255,153,255",0.0,0.000783,0.999217,0.0
HG03804.1,HG03804,pat,True,"255,153,255",False,"255,153,255",0.0,0.010764,0.967033,0.022203
HG03804.2,HG03804,mat,True,"255,153,255",False,"255,153,255",0.000104,0.006443,0.958495,0.034958
HG03816.1,HG03816,pat,True,"255,117,60",False,"255,117,60",0.0,0.003778,0.944932,0.051289
HG03816.2,HG03816,mat,True,"255,153,255",False,"255,153,255",0.000291,0.010973,0.905334,0.083402
HG03831.1,HG03831,pat,True,"255,117,60",False,"255,117,60",0.0,0.018937,0.913769,0.067294
HG03831.2,HG03831,mat,True,"255,153,255",False,"255,153,255",0.0,0.014871,0.932557,0.052572
HG03834.1,HG03834,pat,True,"255,153,255",False,"255,153,255",0.0,0.015012,0.932717,0.05227
HG03834.2,HG03834,mat,True,"255,153,255",False,"255,153,255",0.0,0.00138,0.974954,0.023666
HG03874.1,HG03874,hap1,False,"255,153,255",False,"255,153,255",0.002484,0.017355,0.977071,0.003091
HG03874.2,HG03874,hap2,False,"255,153,255",False,"255,153,255",0.002918,0.007432,0.98586,0.003791
HG03927.1,HG03927,pat,True,"255,153,255",False,"255,153,255",0.0,0.011034,0.928521,0.060445
HG03927.2,HG03927,mat,True,"255,153,255",False,"255,153,255",7.6e-05,0.008425,0.956675,0.034824
HG03942.1,HG03942,pat,True,"255,153,255",False,"255,153,255",0.0,6.8e-05,0.992997,0.006935
HG03942.2,HG03942,mat,True,"255,153,255",False,"255,153,255",0.0,0.004921,0.991457,0.003622
HG04115.1,HG04115,pat,True,"0,229,192",False,"0,229,192",0.003132,0.009746,0.98639,0.000731
HG04115.2,HG04115,mat,True,"255,153,255",False,"255,153,255",0.000398,0.0,0.998123,0.001478
HG04157.1,HG04157,pat,True,"255,153,255",False,"255,153,255",0.0,0.01533,0.92605,0.058619
HG04157.2,HG04157,mat,True,"255,153,255",True,"255,153,255;222,162,255",0.0,0.017266,0.932121,0.050613
HG04160.1,HG04160,pat,True,"255,153,255",False,"255,153,255",6.8e-05,0.005276,0.945636,0.04902
HG04160.2,HG04160,mat,True,"255,153,255",False,"255,153,255",3.4e-05,0.018053,0.949283,0.03263
HG04184.1,HG04184,pat,True,"255,153,255",False,"255,153,255",0.000116,0.009165,0.937544,0.053174
HG04184.2,HG04184,mat,True,"255,153,255",False,"255,153,255",3.4e-05,0.005906,0.928491,0.06557
HG04187.1,HG04187,pat,True,"255,153,255",False,"255,153,255",0.0,0.007468,0.992385,0.000148
HG04187.2,HG04187,mat,True,"255,153,255",False,"255,153,255",0.0,0.004723,0.989165,0.006112
HG04199.1,HG04199,pat,True,"255,153,255",False,"255,153,255",0.0,0.003128,0.991736,0.005135
HG04199.2,HG04199,mat,True,"255,153,255",False,"255,153,255",0.0,0.00953,0.989727,0.000743
HG04204.1,HG04204,pat,True,"255,153,255",False,"255,153,255",0.0,0.002247,0.997149,0.000604
HG04204.2,HG04204,mat,True,"255,153,255",False,"255,153,255",0.001097,0.000495,0.998249,0.000159
HG04228.1,HG04228,pat,True,"255,153,255",False,"255,153,255",0.0,0.014149,0.985625,0.000225
HG04228.2,HG04228,mat,True,"255,153,255",False,"255,153,255",0.000323,0.008324,0.950783,0.04057
HG06807.1,HG06807,pat,True,"0,229,192",False,"0,229,192",0.655395,0.329183,0.004049,0.011373
HG06807.2,HG06807,mat,True,"0,229,192",False,"0,229,192",0.931038,0.056382,0.002705,0.009875
NA18505.1,NA18505,hap1,False,"0,229,192",False,"0,229,192",1.0,0.0,0.0,0.0
NA18505.2,NA18505,hap2,False,"0,229,192",False,"0,229,192",1.0,0.0,0.0,0.0
NA18508.1,NA18508,hap1,False,"0,229,192",False,"0,229,192",1.0,0.0,0.0,0.0
NA18508.2,NA18508,hap2,False,"0,229,192",False,"0,229,192",0.999867,0.0,0.0,0.000133
NA18522.1,NA18522,hap1,False,"0,229,192",False,"0,229,192",1.0,0.0,0.0,0.0
NA18522.2,NA18522,hap2,False,"0,229,192",False,"0,229,192",1.0,0.0,0.0,0.0
NA18565.1,NA18565,hap1,False,"255,117,60",False,"255,117,60",0.0,0.000847,0.0,0.999153
NA18565.2,NA18565,hap2,False,"255,117,60",False,"255,117,60",0.0,0.002645,0.001903,0.995451
NA18570.1,NA18570,hap1,False,"255,117,60",False,"255,117,60",0.0,0.001212,0.000752,0.998036
NA18570.2,NA18570,hap2,False,"255,117,60",False,"255,117,60",0.0,0.001112,0.000554,0.998334
NA18608.1,NA18608,hap1,False,"255,117,60",False,"255,117,60",0.0,0.008131,0.007844,0.984025
NA18608.2,NA18608,hap2,False,"255,117,60",False,"255,117,60",0.0,0.00938,0.006121,0.984499
NA18620.1,NA18620,hap1,False,"255,117,60",False,"255,117,60",0.0,0.001623,0.015327,0.98305
NA18620.2,NA18620,hap2,False,"255,117,60",False,"255,117,60",6.9e-05,0.006452,0.004275,0.989205
NA18747.1,NA18747,hap1,False,"255,117,60",False,"255,117,60",0.0,0.0,0.00076,0.99924
NA18747.2,NA18747,hap2,False,"255,117,60",False,"255,117,60",2.2e-05,0.00172,0.001911,0.996347
NA18879.1,NA18879,hap1,False,"0,229,192",False,"0,229,192",1.0,0.0,0.0,0.0
NA18879.2,NA18879,hap2,False,"0,229,192",False,"0,229,192",1.0,0.0,0.0,0.0
NA18906.1,NA18906,pat,True,"0,229,192",False,"0,229,192",0.999821,0.000179,0.0,0.0
NA18906.2,NA18906,mat,True,"0,229,192",False,"0,229,192",0.999926,0.0,7.4e-05,0.0
NA18940.1,NA18940,hap1,False,"255,117,60",False,"255,117,60",0.0,0.0,0.0,1.0
NA18940.2,NA18940,hap2,False,"255,117,60",False,"255,117,60",0.0,0.0,0.000183,0.999817
NA18943.1,NA18943,hap1,False,"255,117,60",False,"255,117,60",0.0,0.000405,0.000691,0.998904
NA18943.2,NA18943,hap2,False,"255,117,60",False,"255,117,60",0.0,0.0,0.000168,0.999832
NA18944.1,NA18944,hap1,False,"255,117,60",False,"255,117,60",0.0,0.0,0.0,1.0
NA18944.2,NA18944,hap2,False,"255,117,60",False,"255,117,60",0.0,0.0,0.0,1.0
NA18945.1,NA18945,hap1,False,"255,117,60",False,"255,117,60",0.0,0.0,0.0,1.0
NA18945.2,NA18945,hap2,False,"255,117,60",False,"255,117,60",0.0,0.0,0.0,1.0
NA18948.1,NA18948,hap1,False,"255,117,60",False,"255,117,60",0.0,0.0,0.000285,0.999715
NA18948.2,NA18948,hap2,False,"255,117,60",False,"255,117,60",0.0,0.0,0.0,1.0
NA18952.1,NA18952,hap1,False,"255,117,60",False,"255,117,60",0.0,0.0,0.000208,0.999792
NA18952.2,NA18952,hap2,False,"255,117,60",False,"255,117,60",0.0,0.0,0.0,1.0
NA18959.1,NA18959,hap1,False,"255,117,60",False,"255,117,60",6.4e-05,0.0,0.0,0.999936
NA18959.2,NA18959,hap2,False,"255,117,60",False,"255,117,60",6.7e-05,0.0,0.0,0.999933
NA18960.1,NA18960,hap1,False,"255,117,60",False,"255,117,60",0.0,0.0,0.0,1.0
NA18960.2,NA18960,hap2,False,"255,117,60",False,"255,117,60",0.0,0.0,6.4e-05,0.999936
NA18967.1,NA18967,hap1,False,"255,117,60",False,"255,117,60",0.0,0.0,0.000285,0.999715
NA18967.2,NA18967,hap2,False,"255,117,60",False,"255,117,60",0.0,0.0,0.000118,0.999882
NA18970.1,NA18970,hap1,False,"255,117,60",False,"255,117,60",0.0,0.0,4.7e-05,0.999953
NA18970.2,NA18970,hap2,False,"255,117,60",False,"255,117,60",7.4e-05,0.000515,4.9e-05,0.999362
NA18971.1,NA18971,hap1,False,"255,117,60",False,"255,117,60",0.0,0.0,0.0,1.0
NA18971.2,NA18971,hap2,False,"255,117,60",False,"255,117,60",0.0,0.0,0.0,1.0
NA18974.1,NA18974,hap1,False,"255,117,60",False,"255,117,60",0.0,0.0,0.0,1.0
NA18974.2,NA18974,hap2,False,"255,117,60",False,"255,117,60",0.0,0.0,0.0,1.0
NA18976.1,NA18976,hap1,False,"255,117,60",False,"255,117,60",0.0,0.001886,0.00295,0.995163
NA18976.2,NA18976,hap2,False,"255,117,60",False,"255,117,60",0.0,0.0,0.0,1.0
NA18982.1,NA18982,hap1,False,"255,117,60",False,"255,117,60",0.0,0.0,0.0,1.0
NA18982.2,NA18982,hap2,False,"255,117,60",False,"255,117,60",0.000241,0.0,0.000622,0.999137
NA18983.1,NA18983,hap1,False,"255,117,60",False,"255,117,60",0.000133,0.0,0.0,0.999867
NA18983.2,NA18983,hap2,False,"255,117,60",False,"255,117,60",0.0,0.0,0.000128,0.999872
NA19036.1,NA19036,hap1,False,"0,229,192",False,"0,229,192",0.999865,0.0,0.000135,0.0
NA19036.2,NA19036,hap2,False,"0,229,192",False,"0,229,192",0.99895,0.0,0.000935,0.000115
NA19043.1,NA19043,hap1,False,"0,229,192",False,"0,229,192",0.995537,0.000445,0.004018,0.0
NA19043.2,NA19043,hap2,False,"0,229,192",False,"0,229,192",0.99883,0.000292,0.000878,0.0
NA19087.1,NA19087,hap1,False,"255,117,60",False,"255,117,60",0.000117,0.0,0.0,0.999883
NA19087.2,NA19087,hap2,False,"255,117,60",False,"255,117,60",0.0,0.0,0.0,1.0
NA19159.1,NA19159,hap1,False,"0,229,192",False,"0,229,192",0.999157,0.000683,0.00016,0.0
NA19159.2,NA19159,hap2,False,"0,229,192",False,"0,229,192",1.0,0.0,0.0,0.0
NA19185.1,NA19185,hap1,False,"0,229,192",False,"0,229,192",1.0,0.0,0.0,0.0
NA19185.2,NA19185,hap2,False,"0,229,192",False,"0,229,192",1.0,0.0,0.0,0.0
NA19240.1,NA19240,pat,True,"0,229,192",False,"0,229,192",1.0,0.0,0.0,0.0
NA19240.2,NA19240,mat,True,"0,229,192",False,"0,229,192",1.0,0.0,0.0,0.0
NA19338.1,NA19338,hap1,False,"0,229,192",False,"0,229,192",0.996858,0.002413,0.000729,0.0
NA19338.2,NA19338,hap2,False,"0,229,192",False,"0,229,192",0.997014,0.000771,0.002215,0.0
NA19391.1,NA19391,hap1,False,"0,229,192",False,"0,229,192",0.998917,0.000821,0.000263,0.0
NA19391.2,NA19391,hap2,False,"0,229,192",False,"0,229,192",0.996781,0.002131,0.001088,0.0
NA19443.1,NA19443,hap1,False,"0,229,192",False,"0,229,192",0.999763,0.0,0.000237,0.0
NA19443.2,NA19443,hap2,False,"0,229,192",False,"0,229,192",0.999399,0.0004,0.000201,0.0
NA19468.1,NA19468,hap1,False,"0,229,192",False,"0,229,192",0.995162,0.003329,0.001241,0.000268
NA19468.2,NA19468,hap2,False,"0,229,192",False,"0,229,192",0.994851,0.002126,0.003023,0.0
NA19682.1,NA19682,hap1,False,"222,162,255",True,"0,229,192;222,162,255",0.017293,0.442672,0.072705,0.46733
NA19682.2,NA19682,hap2,False,"255,117,60",False,"255,117,60",0.011211,0.475367,0.074633,0.438789
NA19700.1,NA19700,hap1,False,"0,229,192",False,"0,229,192",0.839129,0.160003,0.000868,0.0
NA19700.2,NA19700,hap2,False,"0,229,192",False,"0,229,192",0.791255,0.200957,0.003862,0.003926
NA19776.1,NA19776,hap1,False,"222,162,255",False,"222,162,255",0.104916,0.439386,0.069562,0.386137
NA19776.2,NA19776,hap2,False,"255,117,60",False,"255,117,60",0.08948,0.410396,0.059304,0.44082
NA19835.1,NA19835,hap1,False,"0,229,192",False,"0,229,192",0.880456,0.114484,0.000277,0.004784
NA19835.2,NA19835,hap2,False,"222,162,255",False,"222,162,255",0.786395,0.199198,0.006417,0.00799
NA19909.1,NA19909,hap1,False,"0,229,192",False,"0,229,192",0.903392,0.06655,0.001719,0.028339
NA19909.2,NA19909,hap2,False,"0,229,192",False,"0,229,192",0.864866,0.115575,0.003114,0.016446
NA20129.1,NA20129,pat,True,"0,229,192",False,"0,229,192",0.924553,0.070243,0.005204,0.0
NA20129.2,NA20129,mat,True,"0,229,192",True,"255,117,60;0,229,192",0.607202,0.283558,0.00526,0.10398
NA20282.1,NA20282,hap1,False,"0,229,192",False,"0,229,192",0.680766,0.281001,0.007716,0.030517
NA20282.2,NA20282,hap2,False,"222,162,255",False,"222,162,255",0.75943,0.229891,0.001825,0.008854
NA20346.1,NA20346,hap1,False,"0,229,192",False,"0,229,192",0.879082,0.095814,0.003594,0.021511
NA20346.2,NA20346,hap2,False,"222,162,255",False,"222,162,255",0.773046,0.189965,0.000386,0.036604
NA20503.1,NA20503,hap1,False,"222,162,255",False,"222,162,255",0.000451,0.987127,0.012063,0.000359
NA20503.2,NA20503,hap2,False,"222,162,255",False,"222,162,255",0.000771,0.987313,0.011916,0.0
NA20752.1,NA20752,hap1,False,"222,162,255",False,"222,162,255",0.000146,0.985291,0.014563,0.0
NA20752.2,NA20752,hap2,False,"222,162,255",False,"222,162,255",0.000248,0.969269,0.030483,0.0
NA20762.1,NA20762,hap1,False,"222,162,255",False,"222,162,255",0.000365,0.982931,0.016704,0.0
NA20762.2,NA20762,hap2,False,"222,162,255",False,"222,162,255",0.000316,0.983126,0.016558,0.0
NA20799.1,NA20799,hap1,False,"222,162,255",False,"222,162,255",0.000828,0.989379,0.007856,0.001937
NA20799.2,NA20799,hap2,False,"222,162,255",False,"222,162,255",4.8e-05,0.99104,0.008913,0.0
NA20805.1,NA20805,hap1,False,"222,162,255",False,"222,162,255",0.000536,0.983042,0.015451,0.000971
NA20805.2,NA20805,hap2,False,"222,162,255",False,"222,162,255",0.00013,0.988659,0.010767,0.000444
NA20806.1,NA20806,hap1,False,"222,162,255",False,"222,162,255",0.0,0.985459,0.014541,0.0
NA20806.2,NA20806,hap2,False,"222,162,255",False,"222,162,255",0.000404,0.990878,0.007359,0.00136
NA20809.1,NA20809,hap1,False,"222,162,255",False,"222,162,255",0.000344,0.991375,0.008281,0.0
NA20809.2,NA20809,hap2,False,"222,162,255",False,"222,162,255",0.000995,0.980229,0.015813,0.002962
NA20827.1,NA20827,hap1,False,"222,162,255",False,"222,162,255",0.001594,0.974962,0.022073,0.001371
NA20827.2,NA20827,hap2,False,"222,162,255",False,"222,162,255",0.000606,0.983338,0.016056,0.0
NA20850.1,NA20850,hap1,False,"255,153,255",False,"255,153,255",0.0,0.085553,0.913039,0.001407
NA20850.2,NA20850,hap2,False,"255,153,255",False,"255,153,255",0.000286,0.054455,0.943414,0.001845
NA20870.1,NA20870,hap1,False,"255,153,255",False,"255,153,255",6.7e-05,0.063056,0.9348,0.002078
NA20870.2,NA20870,hap2,False,"222,162,255",False,"222,162,255",0.0,0.087659,0.909164,0.003177
NA20905.1,NA20905,hap1,False,"255,153,255",False,"255,153,255",0.00083,0.015356,0.983355,0.000459
NA20905.2,NA20905,hap2,False,"255,153,255",False,"255,153,255",0.0,0.015171,0.983646,0.001183
NA21093.1,NA21093,hap1,False,"255,153,255",False,"255,153,255",0.0,0.010318,0.989313,0.000369
NA21093.2,NA21093,hap2,False,"255,153,255",False,"255,153,255",0.0,0.018887,0.980455,0.000658
NA21102.1,NA21102,hap1,False,"255,153,255",False,"255,153,255",0.0,0.009957,0.988935,0.001108
NA21102.2,NA21102,hap2,False,"255,153,255",False,"255,153,255",0.0,0.010496,0.989392,0.000112
NA21106.1,NA21106,hap1,False,"255,153,255",False,"255,153,255",0.0,0.005061,0.994907,3.1e-05
NA21106.2,NA21106,hap2,False,"255,153,255",False,"255,153,255",5.2e-05,0.00736,0.992588,0.0
NA21110.1,NA21110,hap1,False,"255,153,255",False,"255,153,255",5.1e-05,0.01023,0.989556,0.000163
NA21110.2,NA21110,hap2,False,"255,153,255",False,"255,153,255",0.0,0.006287,0.993361,0.000352
NA21144.1,NA21144,hap1,False,"255,153,255",False,"255,153,255",0.000285,0.010686,0.984385,0.004644
NA21144.2,NA21144,hap2,False,"255,153,255",False,"255,153,255",0.000241,0.008896,0.990135,0.000729
NA21309.1,NA21309,pat,True,"0,229,192",False,"0,229,192",0.982357,0.009975,0.007668,0.0
NA21309.2,NA21309,mat,True,"0,229,192",False,"0,229,192",0.979339,0.006436,0.014069,0.000156
chm13v2.0.1,chm13v2.0,ref,False,"222,162,255",False,"222,162,255",0.0,0.992103,0.005538,0.002359
hg002v1.1.2,hg002v1.1,mat,True,"222,162,255",True,"255,153,255;222,162,255",0.005304,0.944526,0.041392,0.008779
